{"cameraMode":{"drawMode":0,"name":"Shaded","section":"Shading Mode"},"sceneLighting":false,"audioPlay":false,"sceneViewState":{"showFog":false,"showMaterialUpdate":false,"showSkybox":false,"showFlares":true,"showImageEffects":false,"showParticleSystems":false},"in2DMode":false,"pivot":{"x":679.0,"y":317.0002136230469,"z":-1.2173446416854859},"rotation":{"x":-0.08622920513153076,"y":0.8044818639755249,"z":-0.12060621380805969,"w":-0.5751761794090271},"size":2617.056884765625,"orthographic":false}