{"cameraMode":{"drawMode":0,"name":"Shaded","section":"Shading Mode"},"sceneLighting":true,"audioPlay":false,"sceneViewState":{"showFog":false,"showMaterialUpdate":false,"showSkybox":true,"showFlares":true,"showImageEffects":false,"showParticleSystems":false},"in2DMode":false,"pivot":{"x":5.894002437591553,"y":3.920107126235962,"z":-3.6395912170410158},"rotation":{"x":-0.0005728862015530467,"y":0.9994205236434937,"z":-0.02580035850405693,"w":-0.0221896730363369},"size":10.0,"orthographic":false}